<?xml version="1.0" encoding="UTF-8"?>
<project-private xmlns="http://www.netbeans.org/ns/project-private/1">
    <editor-bookmarks xmlns="http://www.netbeans.org/ns/editor-bookmarks/2" lastBookmarkId="0"/>
    <open-files xmlns="http://www.netbeans.org/ns/projectui-open-files/2">
        <group>
            <file>file:/E:/PosSystem/src/possystem/POS.java</file>
            <file>file:/E:/PosSystem/src/com/possystem/user/Checking.java</file>
            <file>file:/E:/PosSystem/src/com/possystem/user/Account.java</file>
            <file>file:/E:/PosSystem/src/com/possystem/services/Utilities.java</file>
            <file>file:/E:/PosSystem/src/com/possystem/user/Rewards.java</file>
        </group>
    </open-files>
</project-private>
